Event_Type,Keys_Migrated,Key_Size,Migration_Time
Hint,5,10240,3.8111209869384766
Hint,5,10240,2.1851062774658203
Hint,5,10240,2.252340316772461
Hint,5,10240,2.0940303802490234
Hint,5,10240,1.3663768768310547
Hint,5,10240,1.0693073272705078
Hint,5,10240,1.1467933654785156
Hint,5,10240,1.1065006256103516
Hint,5,10240,3.7810802459716797
Hint,5,10240,2.2635459899902344
Hint,5,10240,3.100156784057617
Hint,5,10240,2.9964447021484375
Hint,5,10240,2.856731414794922
Hint,5,10240,2.8607845306396484
Hint,5,10240,2.6564598083496094
Hint,5,10240,2.9227733612060547
Hint,5,10240,2.717733383178711
Hint,5,10240,2.677440643310547
Hint,5,10240,2.854585647583008
Hint,5,10240,2.7670860290527344
Hint,5,10240,2.472400665283203
Hint,5,10240,2.5103092193603516
Hint,5,10240,2.535104751586914
Hint,5,10240,2.5873184204101562
Hint,5,10240,2.5243759155273438
Hint,5,10240,2.4518966674804688
Hint,5,10240,5.162239074707031
Hint,5,10240,2.5670528411865234
Hint,5,10240,2.5746822357177734
Hint,5,10240,3.658294677734375
Hint,5,10240,3.355264663696289
Hint,5,10240,3.221750259399414
Hint,5,10240,3.6172866821289062
Hint,5,10240,3.3032894134521484
Hint,5,10240,2.769947052001953
Hint,5,10240,2.318143844604492
Hint,5,10240,2.5565624237060547
Hint,5,10240,2.451181411743164
Hint,5,10240,2.4161338806152344
Hint,5,10240,2.4127960205078125
Hint,5,10240,2.4330615997314453
Hint,5,10240,2.392292022705078
Hint,5,10240,2.4595260620117188
Hint,5,10240,2.5091171264648438
Hint,5,10240,4.961252212524414
Hint,5,10240,2.583026885986328
Hint,5,10240,2.683401107788086
Hint,5,10240,2.9630661010742188
Hint,5,10240,2.7723312377929688
Hint,5,10240,2.7022361755371094
Hint,5,10240,3.2205581665039062
Hint,5,10240,3.0205249786376953
Hint,5,10240,2.577543258666992
Hint,5,10240,2.551555633544922
Hint,5,10240,2.7239322662353516
Hint,5,10240,2.660036087036133
Hint,5,10240,2.4950504302978516
Hint,5,10240,2.460956573486328
Hint,5,10240,2.431631088256836
Hint,5,10240,2.8405189514160156
Hint,5,10240,2.6798248291015625
Hint,5,10240,2.5827884674072266
Hint,5,10240,5.326747894287109
Hint,5,10240,2.766132354736328
Hint,5,10240,3.1948089599609375
Hint,5,10240,3.083467483520508
Hint,5,10240,3.226757049560547
Hint,5,10240,2.686023712158203
Hint,5,10240,2.598285675048828
Hint,5,10240,2.7725696563720703
Hint,5,10240,2.6862621307373047
Hint,5,10240,2.6013851165771484
Hint,5,10240,2.4733543395996094
Hint,5,10240,2.6068687438964844
Hint,5,10240,2.4781227111816406
Hint,5,10240,2.552032470703125
Hint,5,10240,2.4902820587158203
Hint,5,10240,2.578258514404297
Hint,5,10240,2.5434494018554688
Hint,5,10240,4.801273345947266
Hint,5,10240,3.276348114013672
Hint,5,10240,3.257274627685547
Hint,5,10240,3.4093856811523438
Hint,5,10240,2.794504165649414
Hint,5,10240,2.582550048828125
Hint,5,10240,2.6705265045166016
Hint,5,10240,2.766847610473633
Hint,5,10240,2.6388168334960938
Hint,5,10240,2.4847984313964844
Hint,5,10240,2.390146255493164
Hint,5,10240,2.351999282836914
Hint,5,10240,2.4352073669433594
Hint,5,10240,2.8460025787353516
Hint,5,10240,2.6476383209228516
Hint,5,10240,2.6352405548095703
Hint,5,10240,2.6907920837402344
Hint,5,10240,2.4802684783935547
Hint,5,10240,5.1097869873046875
Hint,5,10240,2.5305747985839844
Hint,5,10240,2.8183460235595703
Hint,5,10240,2.505064010620117
Hint,5,10240,2.8963088989257812
Hint,5,10240,3.1349658966064453
Hint,5,10240,2.893686294555664
Hint,5,10240,4.264354705810547
Hint,5,10240,4.710912704467773
Hint,5,10240,3.992319107055664
Hint,5,10240,2.180814743041992
Hint,5,10240,2.541780471801758
Hint,5,10240,2.4013519287109375
Hint,5,10240,2.5055408477783203
Hint,5,10240,2.5844573974609375
Hint,5,10240,2.4590492248535156
Hint,5,10240,2.569437026977539
Hint,5,10240,4.6253204345703125
Hint,5,10240,2.8383731842041016
Hint,5,10240,2.9735565185546875
Hint,5,10240,2.8688907623291016
Hint,5,10240,2.9320716857910156
Hint,5,10240,2.370595932006836
Hint,5,10240,2.4924278259277344
Hint,5,10240,2.515554428100586
Hint,5,10240,2.5277137756347656
Hint,5,10240,2.5413036346435547
Hint,5,10240,2.4416446685791016
Hint,5,10240,2.400636672973633
Hint,5,10240,2.458333969116211
Hint,5,10240,2.388477325439453
Hint,5,10240,2.3925304412841797
Hint,5,10240,2.568960189819336
Hint,5,10240,2.731800079345703
Hint,5,10240,2.4650096893310547
Hint,5,10240,2.5014877319335938
Hint,5,10240,5.214691162109375
Hint,5,10240,2.7549266815185547
Hint,5,10240,2.941608428955078
Hint,5,10240,3.325939178466797
Hint,5,10240,3.1180381774902344
Hint,5,10240,2.970457077026367
Hint,5,10240,2.7801990509033203
Hint,5,10240,2.7921199798583984
Hint,5,10240,2.5937557220458984
Hint,5,10240,2.9821395874023438
Hint,5,10240,2.671957015991211
Hint,5,10240,2.702474594116211
Hint,5,10240,2.6383399963378906
Hint,5,10240,2.6404857635498047
Hint,5,10240,2.6395320892333984
Hint,5,10240,2.561807632446289
Hint,5,10240,2.557039260864258
Hint,5,10240,5.275487899780273
Hint,5,10240,3.0808448791503906
Hint,5,10240,3.2706260681152344
Hint,5,10240,4.996776580810547
Hint,5,10240,4.369974136352539
Hint,5,10240,4.691123962402344
Hint,5,10240,2.900838851928711
Hint,5,10240,2.7370452880859375
Hint,5,10240,2.6133060455322266
Hint,5,10240,2.2988319396972656
Hint,5,10240,2.6099681854248047
Hint,5,10240,2.847909927368164
Hint,5,10240,2.6464462280273438
Hint,5,10240,2.5534629821777344
Hint,5,10240,2.8679370880126953
Hint,5,10240,5.26118278503418
Hint,5,10240,2.655029296875
Hint,5,10240,2.595663070678711
Hint,5,10240,2.8867721557617188
Hint,5,10240,2.973318099975586
Hint,5,10240,3.0264854431152344
Hint,5,10240,2.860546112060547
Hint,5,10240,2.6972293853759766
Hint,5,10240,2.576112747192383
Hint,5,10240,2.6307106018066406
Hint,5,10240,2.908468246459961
Hint,5,10240,2.912759780883789
Hint,5,10240,2.460479736328125
Hint,5,10240,2.7418136596679688
Hint,5,10240,2.650737762451172
Hint,5,10240,2.4690628051757812
Hint,5,10240,2.547740936279297
Hint,5,10240,2.5572776794433594
Hint,5,10240,4.967212677001953
Hint,5,10240,3.0274391174316406
Hint,5,10240,3.024578094482422
Hint,5,10240,3.4406185150146484
Hint,5,10240,2.893209457397461
Hint,5,10240,2.6819705963134766
Hint,5,10240,2.717256546020508
Hint,5,10240,2.6328563690185547
Hint,5,10240,2.6438236236572266
Hint,5,10240,2.489328384399414
Hint,5,10240,2.439260482788086
Hint,5,10240,2.560138702392578
Hint,5,10240,2.424955368041992
Hint,5,10240,2.4695396423339844
Hint,5,10240,2.525806427001953
Hint,5,10240,2.7642250061035156
Hint,5,10240,2.6688575744628906
Hint,5,10240,2.511739730834961
Hint,5,10240,5.018472671508789
Hint,5,10240,3.1447410583496094
Hint,5,10240,3.5247802734375
Hint,5,10240,3.2196044921875
Hint,5,10240,3.468036651611328
Hint,5,10240,2.7718544006347656
Hint,5,10240,2.8820037841796875
Hint,5,10240,2.6984214782714844
Hint,5,10240,2.7964115142822266
Hint,5,10240,2.7213096618652344
Hint,5,10240,2.7687549591064453
Hint,5,10240,2.8104782104492188
Hint,5,10240,2.7883052825927734
Hint,5,10240,2.7284622192382812
Hint,5,10240,2.8231143951416016
Hint,5,10240,2.659320831298828
Hint,5,10240,4.754304885864258
Hint,5,10240,3.345966339111328
Hint,5,10240,2.9845237731933594
Hint,5,10240,2.8285980224609375
Hint,5,10240,3.0586719512939453
Hint,5,10240,2.6361942291259766
Hint,5,10240,2.6535987854003906
Hint,5,10240,2.7163028717041016
Hint,5,10240,2.6624202728271484
Hint,5,10240,2.4328231811523438
Hint,5,10240,2.6476383209228516
Hint,5,10240,2.8600692749023438
Hint,5,10240,2.504110336303711
Hint,5,10240,2.546072006225586
Hint,5,10240,2.4878978729248047
Hint,5,10240,2.452373504638672
Hint,5,10240,2.826690673828125
Hint,5,10240,2.325296401977539
Hint,5,10240,2.4781227111816406
Hint,5,10240,5.161523818969727
Hint,5,10240,2.646923065185547
Hint,5,10240,2.5718212127685547
Hint,5,10240,3.184795379638672
Hint,5,10240,3.3190250396728516
Hint,5,10240,2.9671192169189453
Hint,5,10240,3.1223297119140625
Hint,5,10240,2.92205810546875
Hint,5,10240,2.7189254760742188
Hint,5,10240,2.765178680419922
Hint,5,10240,2.630949020385742
Hint,5,10240,2.788066864013672
Hint,5,10240,2.699613571166992
Hint,5,10240,2.8619766235351562
Hint,5,10240,2.713918685913086
Hint,5,10240,2.8688907623291016
Hint,5,10240,5.020618438720703
Hint,5,10240,2.9168128967285156
Hint,5,10240,2.869844436645508
Hint,5,10240,2.7005672454833984
Hint,5,10240,2.8951168060302734
Hint,5,10240,3.3426284790039062
Hint,5,10240,3.1900405883789062
Hint,5,10240,3.1735897064208984
Hint,5,10240,2.617359161376953
Hint,5,10240,2.5925636291503906
Hint,5,10240,2.385377883911133
Hint,5,10240,2.538442611694336
Hint,5,10240,2.5835037231445312
Hint,5,10240,2.6824474334716797
Hint,5,10240,2.291440963745117
Hint,5,10240,2.5377273559570312
Hint,5,10240,2.455472946166992
Hint,5,10240,2.8395652770996094
Hint,5,10240,5.015134811401367
Hint,5,10240,2.5246143341064453
Hint,5,10240,2.834320068359375
Hint,5,10240,2.7284622192382812
Hint,5,10240,2.98309326171875
Hint,5,10240,3.3032894134521484
Hint,5,10240,2.7718544006347656
Hint,5,10240,2.551555633544922
Hint,5,10240,2.402067184448242
Hint,5,10240,2.480745315551758
Hint,5,10240,2.772092819213867
Hint,5,10240,2.6993751525878906
Hint,5,10240,2.5942325592041016
Hint,5,10240,2.558469772338867
Hint,5,10240,2.6929378509521484
Hint,5,10240,2.831697463989258
Hint,5,10240,2.698659896850586
Hint,5,10240,2.8028488159179688
Hint,5,10240,4.831552505493164
Hint,5,10240,2.651214599609375
Hint,5,10240,2.590179443359375
Hint,5,10240,3.2787322998046875
Hint,5,10240,2.7947425842285156
Hint,5,10240,2.669811248779297
Hint,5,10240,2.5796890258789062
Hint,5,10240,2.6044845581054688
Hint,5,10240,2.4709701538085938
Hint,5,10240,2.448558807373047
Hint,5,10240,2.485513687133789
Hint,5,10240,2.9082298278808594
Hint,5,10240,2.9883384704589844
Hint,5,10240,2.7472972869873047
Hint,5,10240,2.721071243286133
Hint,5,10240,2.660512924194336
Hint,5,10240,2.868175506591797
Hint,5,10240,2.688884735107422
Hint,5,10240,8.870840072631836
Hint,5,10240,2.5358200073242188
Hint,5,10240,3.2050609588623047
Hint,5,10240,3.2508373260498047
Hint,5,10240,3.2150745391845703
Hint,5,10240,2.572298049926758
Hint,5,10240,2.4001598358154297
Hint,5,10240,2.3756027221679688
Hint,5,10240,2.4547576904296875
Hint,5,10240,2.679109573364258
Hint,5,10240,2.580881118774414
Hint,5,10240,2.5949478149414062
Hint,5,10240,2.5968551635742188
Hint,5,10240,2.5153160095214844
Hint,5,10240,2.3801326751708984
Hint,5,10240,2.3882389068603516
Hint,5,10240,2.176523208618164
Hint,5,10240,4.765987396240234
Hint,5,10240,2.7544498443603516
Hint,5,10240,3.0269622802734375
Hint,5,10240,3.202199935913086
Hint,5,10240,3.231048583984375
Hint,5,10240,2.84576416015625
Hint,5,10240,2.691030502319336
Hint,5,10240,2.284526824951172
Hint,5,10240,2.552032470703125
Hint,5,10240,2.4340152740478516
Hint,5,10240,2.4220943450927734
Hint,5,10240,2.4232864379882812
Hint,5,10240,2.4576187133789062
Hint,5,10240,2.5250911712646484
Hint,5,10240,2.400636672973633
Hint,5,10240,2.4836063385009766
Hint,5,10240,2.474069595336914
Hint,5,10240,2.785921096801758
Hint,5,10240,2.553224563598633
Hint,5,10240,2.55584716796875
Hint,5,10240,6.031036376953125
Hint,5,10240,2.801179885864258
Hint,5,10240,2.7103424072265625
Hint,5,10240,3.3698081970214844
Hint,5,10240,3.5796165466308594
Hint,5,10240,3.2770633697509766
Hint,5,10240,2.8295516967773438
Hint,5,10240,2.680063247680664
Hint,5,10240,2.5022029876708984
Hint,5,10240,2.6175975799560547
Hint,5,10240,2.8963088989257812
Hint,5,10240,2.752542495727539
Hint,5,10240,2.5446414947509766
Hint,5,10240,2.595186233520508
Hint,5,10240,2.4864673614501953
Hint,5,10240,5.2661895751953125
Hint,5,10240,2.615690231323242
Hint,5,10240,2.5870800018310547
Hint,5,10240,2.9332637786865234
Hint,5,10240,3.0443668365478516
Hint,5,10240,3.0121803283691406
Hint,5,10240,2.9315948486328125
Hint,5,10240,2.4704933166503906
Hint,5,10240,2.4933815002441406
Hint,5,10240,2.4967193603515625
Hint,5,10240,2.4623870849609375
Hint,5,10240,2.550840377807617
Hint,5,10240,2.4979114532470703
Hint,5,10240,2.3882389068603516
Hint,5,10240,2.4673938751220703
Hint,5,10240,2.529621124267578
Hint,5,10240,2.531290054321289
Hint,5,10240,2.664327621459961
Hint,5,10240,2.5734901428222656
Hint,5,10240,2.6476383209228516
Hint,5,10240,4.7760009765625
Hint,5,10240,2.416849136352539
Hint,5,10240,2.511262893676758
Hint,5,10240,2.5725364685058594
Hint,5,10240,2.854585647583008
Hint,5,10240,2.825021743774414
Hint,5,10240,2.9251575469970703
Hint,5,10240,2.7360916137695312
Hint,5,10240,2.7189254760742188
Hint,5,10240,2.5975704193115234
Hint,5,10240,2.6426315307617188
Hint,5,10240,2.6776790618896484
Hint,5,10240,2.7396678924560547
Hint,5,10240,2.7544498443603516
Hint,5,10240,2.4280548095703125
Hint,5,10240,2.4933815002441406
Hint,5,10240,4.951238632202148
Hint,5,10240,2.5510787963867188
Hint,5,10240,2.548694610595703
Hint,5,10240,2.5022029876708984
Hint,5,10240,2.696514129638672
Hint,5,10240,3.1130313873291016
Hint,5,10240,3.0939579010009766
Hint,5,10240,3.043651580810547
Hint,5,10240,2.412080764770508
Hint,5,10240,2.5925636291503906
Hint,5,10240,2.8319358825683594
Hint,5,10240,2.7098655700683594
Hint,5,10240,2.3560523986816406
Hint,5,10240,2.475261688232422
Hint,5,10240,2.482891082763672
Hint,5,10240,2.4738311767578125
Hint,5,10240,2.4471282958984375
Hint,5,10240,2.5212764739990234
Hint,5,10240,2.802610397338867
Hint,5,10240,2.6273727416992188
Hint,5,10240,2.629518508911133
Hint,5,10240,4.524469375610352
Hint,5,10240,2.869129180908203
Hint,5,10240,2.7527809143066406
Hint,5,10240,2.872467041015625
Hint,5,10240,3.0660629272460938
Hint,5,10240,3.202199935913086
Hint,5,10240,3.074169158935547
Hint,5,10240,2.6788711547851562
Hint,5,10240,2.660512924194336
Hint,5,10240,2.3679733276367188
Hint,5,10240,2.4619102478027344
Hint,5,10240,2.456188201904297
Hint,5,10240,2.4421215057373047
Hint,5,10240,2.418994903564453
Hint,5,10240,2.4521350860595703
Hint,5,10240,2.4433135986328125
Hint,5,10240,4.333972930908203
Hint,5,10240,2.462625503540039
Hint,5,10240,2.496004104614258
Hint,5,10240,2.958059310913086
Hint,5,10240,3.2622814178466797
Hint,5,10240,2.7463436126708984
Hint,5,10240,2.771615982055664
Hint,5,10240,2.698659896850586
Hint,5,10240,2.504587173461914
Hint,5,10240,2.5033950805664062
Hint,5,10240,2.4080276489257812
Hint,5,10240,2.475261688232422
Hint,5,10240,2.4967193603515625
Hint,5,10240,2.4628639221191406
Hint,5,10240,2.468109130859375
Hint,5,10240,2.446413040161133
Hint,5,10240,2.460002899169922
Hint,5,10240,2.5053024291992188
Hint,5,10240,2.7666091918945312
Hint,5,10240,2.5327205657958984
Hint,5,10240,2.7370452880859375
Hint,5,10240,5.158185958862305
Hint,5,10240,2.6733875274658203
Hint,5,10240,2.8274059295654297
Hint,5,10240,3.5889148712158203
Hint,5,10240,3.158092498779297
Hint,5,10240,3.1943321228027344
Hint,5,10240,2.502918243408203
Hint,5,10240,2.735137939453125
Hint,5,10240,2.728700637817383
Hint,5,10240,2.6831626892089844
Hint,5,10240,2.5780200958251953
Hint,5,10240,2.5780200958251953
Hint,5,10240,2.496480941772461
Hint,5,10240,2.5615692138671875
Hint,5,10240,2.4716854095458984
Hint,5,10240,4.493474960327148
Hint,5,10240,2.4220943450927734
Hint,5,10240,2.510547637939453
Hint,5,10240,2.7196407318115234
Hint,5,10240,3.386974334716797
Hint,5,10240,2.7468204498291016
Hint,5,10240,2.8052330017089844
Hint,5,10240,2.604246139526367
Hint,5,10240,2.6535987854003906
Hint,5,10240,2.47955322265625
Hint,5,10240,2.4335384368896484
Hint,5,10240,2.418994903564453
Hint,5,10240,2.4890899658203125
Hint,5,10240,2.4657249450683594
Hint,5,10240,2.5217533111572266
Hint,5,10240,2.505064010620117
Hint,5,10240,2.443552017211914
Hint,5,10240,2.4824142456054688
Hint,5,10240,2.6292800903320312
Hint,5,10240,2.508401870727539
Hint,5,10240,2.4251937866210938
Hint,5,10240,4.818439483642578
Hint,5,10240,2.478361129760742
Hint,5,10240,2.541780471801758
Hint,5,10240,2.9442310333251953
Hint,5,10240,3.858327865600586
Hint,5,10240,3.9217472076416016
Hint,5,10240,3.876924514770508
Hint,5,10240,3.3299922943115234
Hint,5,10240,3.0889511108398438
Hint,5,10240,2.6137828826904297
Hint,5,10240,2.9647350311279297
Hint,5,10240,2.5949478149414062
Hint,5,10240,2.367734909057617
Hint,5,10240,2.4271011352539062
Hint,5,10240,2.402067184448242
Hint,5,10240,5.11932373046875
Hint,5,10240,3.045797348022461
Hint,5,10240,2.7446746826171875
Hint,5,10240,2.8634071350097656
Hint,5,10240,2.6946067810058594
Hint,5,10240,2.507925033569336
Hint,5,10240,2.530813217163086
Hint,5,10240,2.688169479370117
Hint,5,10240,2.460479736328125
Hint,5,10240,2.424955368041992
Hint,5,10240,2.4085044860839844
Hint,5,10240,2.4101734161376953
Hint,5,10240,2.4259090423583984
Hint,5,10240,2.389192581176758
Hint,5,10240,2.547025680541992
Hint,5,10240,2.518892288208008
Hint,5,10240,2.4390220642089844
Hint,5,10240,2.4988651275634766
Hint,5,10240,2.754688262939453
Hint,5,10240,2.300262451171875
Hint,5,10240,2.4940967559814453
Hint,5,10240,5.0182342529296875
Hint,5,10240,2.836465835571289
Hint,5,10240,2.761363983154297
Hint,5,10240,2.7637481689453125
Hint,5,10240,2.779722213745117
Hint,5,10240,2.8519630432128906
Hint,5,10240,2.8057098388671875
Hint,5,10240,2.946615219116211
Hint,5,10240,2.7272701263427734
Hint,5,10240,2.649545669555664
Hint,5,10240,2.492666244506836
Hint,5,10240,2.904176712036133
Hint,5,10240,2.9532909393310547
Hint,5,10240,2.696514129638672
Hint,5,10240,2.941131591796875
Hint,5,10240,5.102872848510742
Hint,5,10240,2.8989315032958984
Hint,5,10240,2.797365188598633
Hint,5,10240,2.557516098022461
Hint,5,10240,2.9931068420410156
Hint,5,10240,3.3376216888427734
Hint,5,10240,3.1037330627441406
Hint,5,10240,3.327608108520508
Hint,5,10240,2.7294158935546875
Hint,5,10240,2.6912689208984375
Hint,5,10240,2.595663070678711
Hint,5,10240,2.394437789916992
Hint,5,10240,2.468585968017578
Hint,5,10240,2.3970603942871094
Hint,5,10240,2.3949146270751953
Hint,5,10240,2.399444580078125
Hint,5,10240,2.3779869079589844
Hint,5,10240,2.8028488159179688
Hint,5,10240,2.688884735107422
Hint,5,10240,2.6521682739257812
Hint,5,10240,4.9915313720703125
Hint,5,10240,2.932310104370117
Hint,5,10240,2.7132034301757812
Hint,5,10240,3.144502639770508
Hint,5,10240,3.0117034912109375
Hint,5,10240,2.8045177459716797
Hint,5,10240,2.999544143676758
Hint,5,10240,2.6044845581054688
Hint,5,10240,2.5980472564697266
Hint,5,10240,2.4793148040771484
Hint,5,10240,2.4073123931884766
Hint,5,10240,2.5892257690429688
Hint,5,10240,2.5527477264404297
Hint,5,10240,2.50244140625
Hint,5,10240,2.713918685913086
Hint,5,10240,4.622697830200195
Hint,5,10240,2.8183460235595703
Hint,5,10240,2.562999725341797
Hint,5,10240,2.9134750366210938
Hint,5,10240,3.061056137084961
Hint,5,10240,3.3032894134521484
Hint,5,10240,3.2477378845214844
Hint,5,10240,2.567291259765625
Hint,5,10240,2.6035308837890625
Hint,5,10240,2.7434825897216797
Hint,5,10240,2.5582313537597656
Hint,5,10240,2.4733543395996094
Hint,5,10240,2.6216506958007812
Hint,5,10240,2.439737319946289
Hint,5,10240,2.4826526641845703
Hint,5,10240,2.4569034576416016
Hint,5,10240,2.447843551635742
Hint,5,10240,2.3725032806396484
Hint,5,10240,2.387523651123047
Hint,5,10240,2.4023056030273438
Hint,5,10240,2.4566650390625
Hint,5,10240,4.788637161254883
Hint,5,10240,2.567768096923828
Hint,5,10240,2.4831295013427734
Hint,5,10240,2.8247833251953125
Hint,5,10240,2.938508987426758
Hint,5,10240,2.847433090209961
Hint,5,10240,2.5398731231689453
Hint,5,10240,2.474069595336914
Hint,5,10240,2.724885940551758
Hint,5,10240,2.537965774536133
Hint,5,10240,2.5076866149902344
Hint,5,10240,2.969503402709961
Hint,5,10240,2.712726593017578
Hint,5,10240,2.7735233306884766
Hint,5,10240,2.4869441986083984
Hint,5,10240,2.4640560150146484
Hint,5,10240,4.688262939453125
Hint,5,10240,2.5637149810791016
Hint,5,10240,2.5980472564697266
Hint,5,10240,2.950429916381836
Hint,5,10240,3.153562545776367
Hint,5,10240,2.8352737426757812
Hint,5,10240,2.6397705078125
Hint,5,10240,2.5005340576171875
Hint,5,10240,2.4955272674560547
Hint,5,10240,2.474069595336914
Hint,5,10240,2.465963363647461
Hint,5,10240,2.4933815002441406
Hint,5,10240,2.493619918823242
Hint,5,10240,2.4230480194091797
Hint,5,10240,2.416372299194336
Hint,5,10240,2.381563186645508
Hint,5,10240,2.348184585571289
Hint,5,10240,2.433300018310547
Hint,5,10240,2.4232864379882812
Hint,5,10240,2.849102020263672
Hint,5,10240,2.3703575134277344
Hint,5,10240,2.4895668029785156
Hint,5,10240,5.373477935791016
Hint,5,10240,2.9191970825195312
Hint,5,10240,3.3168792724609375
Hint,5,10240,3.1104087829589844
Hint,5,10240,2.537965774536133
Hint,5,10240,2.6924610137939453
Hint,5,10240,2.409219741821289
Hint,5,10240,2.441883087158203
Hint,5,10240,2.4161338806152344
Hint,5,10240,2.368927001953125
Hint,5,10240,2.471446990966797
Hint,5,10240,2.443552017211914
Hint,5,10240,2.4080276489257812
Hint,5,10240,2.512693405151367
Hint,5,10240,2.402067184448242
Hint,5,10240,4.195928573608398
Hint,5,10240,2.618551254272461
Hint,5,10240,2.7670860290527344
Hint,5,10240,2.847909927368164
Hint,5,10240,2.717733383178711
Hint,5,10240,2.5551319122314453
Hint,5,10240,2.330780029296875
Hint,5,10240,2.3047924041748047
Hint,5,10240,2.436399459838867
Hint,5,10240,2.405881881713867
Hint,5,10240,2.488374710083008
Hint,5,10240,2.4673938751220703
Hint,5,10240,2.4831295013427734
Hint,5,10240,2.363443374633789
Hint,5,10240,2.2230148315429688
Hint,5,10240,2.4232864379882812
Hint,5,10240,2.4802684783935547
Hint,5,10240,2.3598670959472656
Hint,5,10240,2.4280548095703125
Hint,5,10240,2.3899078369140625
Hint,5,10240,2.8142929077148438
Hint,5,10240,2.4843215942382812
Hint,5,10240,2.4275779724121094
Hint,5,10240,4.988908767700195
Hint,5,10240,2.9287338256835938
Hint,5,10240,3.1456947326660156
Hint,5,10240,3.3037662506103516
Hint,5,10240,2.7494430541992188
Hint,5,10240,2.4466514587402344
Hint,5,10240,2.5441646575927734
Hint,5,10240,2.5451183319091797
Hint,5,10240,2.4285316467285156
Hint,5,10240,2.450704574584961
Hint,5,10240,2.383708953857422
Hint,5,10240,2.423524856567383
Hint,5,10240,2.415180206298828
Hint,5,10240,2.383708953857422
Hint,5,10240,2.5742053985595703
Hint,5,10240,4.341363906860352
Hint,5,10240,2.600431442260742
Hint,5,10240,3.2303333282470703
Hint,5,10240,3.2618045806884766
Hint,5,10240,2.8905868530273438
Hint,5,10240,2.807140350341797
Hint,5,10240,2.5985240936279297
Hint,5,10240,2.566814422607422
Hint,5,10240,2.5129318237304688
Hint,5,10240,2.738475799560547
Hint,5,10240,2.6056766510009766
Hint,5,10240,2.5267601013183594
Hint,5,10240,2.391815185546875
Hint,5,10240,2.443075180053711
Hint,5,10240,2.4619102478027344
Hint,5,10240,2.439737319946289
Hint,5,10240,2.5374889373779297
Hint,5,10240,2.4566650390625
Hint,5,10240,2.454996109008789
Hint,5,10240,2.5980472564697266
Hint,5,10240,2.7129650115966797
Hint,5,10240,2.5081634521484375
Hint,5,10240,4.712581634521484
Hint,5,10240,2.6366710662841797
Hint,5,10240,3.0565261840820312
Hint,5,10240,3.002643585205078
Hint,5,10240,3.2503604888916016
Hint,5,10240,3.5560131072998047
Hint,5,10240,3.049612045288086
Hint,5,10240,2.8896331787109375
Hint,5,10240,2.8159618377685547
Hint,5,10240,2.5703907012939453
Hint,5,10240,2.725839614868164
Hint,5,10240,3.286123275756836
Hint,5,10240,2.8209686279296875
Hint,5,10240,5.583047866821289
Hint,5,10240,3.0748844146728516
Hint,5,10240,3.0760765075683594
Hint,5,10240,3.071308135986328
Hint,5,10240,2.63214111328125
Hint,5,10240,2.5548934936523438
Hint,5,10240,2.4123191833496094
Hint,5,10240,2.3756027221679688
Hint,5,10240,2.328157424926758
Hint,5,10240,2.402782440185547
Hint,5,10240,2.4573802947998047
Hint,5,10240,2.4824142456054688
Hint,5,10240,2.4902820587158203
Hint,5,10240,2.6574134826660156
Hint,5,10240,2.4166107177734375
Hint,5,10240,2.4607181549072266
Hint,5,10240,2.445697784423828
Hint,5,10240,2.7146339416503906
Hint,5,10240,2.299785614013672
Hint,5,10240,2.5544166564941406
Hint,5,10240,2.7718544006347656
Hint,5,10240,2.4559497833251953
Hint,5,10240,4.881381988525391
Hint,5,10240,2.6018619537353516
Hint,5,10240,2.949953079223633
Hint,5,10240,3.208637237548828
Hint,5,10240,2.86865234375
Hint,5,10240,2.9268264770507812
Hint,5,10240,2.5720596313476562
Hint,5,10240,2.724885940551758
Hint,5,10240,2.6540756225585938
Hint,5,10240,2.711057662963867
Hint,5,10240,2.6731491088867188
Hint,5,10240,2.412557601928711
Hint,5,10240,2.4247169494628906
Hint,5,10240,2.4480819702148438
Hint,5,10240,2.4976730346679688
Hint,5,10240,4.998207092285156
Hint,5,10240,2.7322769165039062
Hint,5,10240,2.614259719848633
Hint,5,10240,3.2999515533447266
Hint,5,10240,3.1442642211914062
Hint,5,10240,3.27301025390625
Hint,5,10240,3.3211708068847656
Hint,5,10240,3.004789352416992
Hint,5,10240,2.4886131286621094
Hint,5,10240,2.824068069458008
Hint,5,10240,2.6443004608154297
Hint,5,10240,2.348184585571289
Hint,5,10240,2.493619918823242
Hint,5,10240,2.5272369384765625
Hint,5,10240,2.531290054321289
Hint,5,10240,2.540111541748047
Hint,5,10240,2.760648727416992
Hint,5,10240,2.5022029876708984
Hint,5,10240,2.7534961700439453
Hint,5,10240,2.622365951538086
Hint,5,10240,2.4747848510742188
Hint,5,10240,4.936933517456055
Hint,5,10240,3.1938552856445312
Hint,5,10240,3.2091140747070312
Hint,5,10240,2.880573272705078
Hint,5,10240,3.040790557861328
Hint,5,10240,2.4442672729492188
Hint,5,10240,2.777099609375
Hint,5,10240,2.7971267700195312
Hint,5,10240,2.7055740356445312
Hint,5,10240,2.7108192443847656
Hint,5,10240,2.771615982055664
Hint,5,10240,2.710580825805664
Hint,5,10240,2.4292469024658203
Hint,5,10240,2.5415420532226562
Hint,5,10240,4.598140716552734
Hint,5,10240,2.558469772338867
Hint,5,10240,2.8772354125976562
Hint,5,10240,3.39508056640625
Hint,5,10240,3.276824951171875
Hint,5,10240,3.2987594604492188
Hint,5,10240,2.686023712158203
Hint,5,10240,2.5577545166015625
Hint,5,10240,2.6428699493408203
Hint,5,10240,2.6657581329345703
Hint,5,10240,2.412557601928711
Hint,5,10240,2.7458667755126953
Hint,5,10240,2.4979114532470703
Hint,5,10240,2.493619918823242
Hint,5,10240,2.5146007537841797
Hint,5,10240,2.524852752685547
Hint,5,10240,2.483367919921875
Hint,5,10240,2.490997314453125
Hint,5,10240,2.365589141845703
Hint,5,10240,2.8514862060546875
Hint,5,10240,2.473592758178711
Hint,5,10240,2.3653507232666016
Hint,5,10240,4.960536956787109
Hint,5,10240,3.074169158935547
Hint,5,10240,3.453493118286133
Hint,5,10240,3.2300949096679688
Hint,5,10240,3.0562877655029297
Hint,5,10240,2.7213096618652344
Hint,5,10240,2.5675296783447266
Hint,5,10240,2.9048919677734375
Hint,5,10240,2.380847930908203
Hint,5,10240,2.490997314453125
Hint,5,10240,2.4819374084472656
Hint,5,10240,2.509593963623047
Hint,5,10240,2.4111270904541016
Hint,5,10240,2.405405044555664
Hint,5,10240,4.506826400756836
Hint,5,10240,2.4662017822265625
Hint,5,10240,2.854585647583008
Hint,5,10240,2.758502960205078
Hint,5,10240,3.081798553466797
Hint,5,10240,3.107786178588867
Hint,5,10240,2.7899742126464844
Hint,5,10240,2.806425094604492
Hint,5,10240,2.527952194213867
Hint,5,10240,2.5086402893066406
Hint,5,10240,2.373933792114258
Hint,5,10240,2.5146007537841797
Hint,5,10240,2.486705780029297
Hint,5,10240,2.4895668029785156
Hint,5,10240,2.506256103515625
Hint,5,10240,2.490520477294922
Hint,5,10240,2.4802684783935547
Hint,5,10240,2.7208328247070312
Hint,5,10240,2.5413036346435547
Hint,5,10240,2.7828216552734375
Hint,5,10240,2.724885940551758
Hint,5,10240,2.4461746215820312
Hint,5,10240,5.141735076904297
Hint,5,10240,3.325939178466797
Hint,5,10240,3.049135208129883
Hint,5,10240,2.9227733612060547
Hint,5,10240,2.4662017822265625
Hint,5,10240,2.4864673614501953
Hint,5,10240,2.8672218322753906
Hint,5,10240,2.3026466369628906
Hint,5,10240,2.520322799682617
Hint,5,10240,2.380847930908203
Hint,5,10240,2.427339553833008
Hint,5,10240,2.4073123931884766
Hint,5,10240,2.447366714477539
Hint,5,10240,2.392292022705078
Hint,5,10240,2.4819374084472656
Hint,5,10240,4.6024322509765625
Hint,5,10240,2.4728775024414062
Hint,5,10240,2.9468536376953125
Hint,5,10240,3.2629966735839844
Hint,5,10240,2.9289722442626953
Hint,5,10240,2.682209014892578
Hint,5,10240,2.547025680541992
Hint,5,10240,2.4209022521972656
Hint,5,10240,2.642393112182617
Hint,5,10240,2.674102783203125
Hint,5,10240,2.431631088256836
Hint,5,10240,2.426624298095703
Hint,5,10240,2.386331558227539
Hint,5,10240,2.4187564849853516
Hint,5,10240,2.549409866333008
Hint,5,10240,2.511739730834961
Hint,5,10240,2.512216567993164
Hint,5,10240,2.4471282958984375
Hint,5,10240,2.492189407348633
Hint,5,10240,2.6133060455322266
Hint,5,10240,2.820730209350586
Hint,5,10240,2.405881881713867
Hint,5,10240,5.00798225402832
Hint,5,10240,2.6667118072509766
Hint,5,10240,2.726316452026367
Hint,5,10240,2.9511451721191406
Hint,5,10240,3.3600330352783203
Hint,5,10240,3.119230270385742
Hint,5,10240,2.96783447265625
Hint,5,10240,2.273082733154297
Hint,5,10240,2.798318862915039
Hint,5,10240,2.7441978454589844
Hint,5,10240,2.2950172424316406
Hint,5,10240,2.441883087158203
Hint,5,10240,2.4323463439941406
Hint,5,10240,2.4607181549072266
Hint,5,10240,2.462625503540039
Hint,5,10240,4.75001335144043
Hint,5,10240,3.358602523803711
Hint,5,10240,3.251791000366211
Hint,5,10240,3.1652450561523438
Hint,5,10240,2.7654170989990234
Hint,5,10240,2.687692642211914
Hint,5,10240,2.7642250061035156
Hint,5,10240,2.6204586029052734
Hint,5,10240,2.9404163360595703
Hint,5,10240,2.692699432373047
Hint,5,10240,2.6099681854248047
Hint,5,10240,2.473592758178711
Hint,5,10240,2.4847984313964844
Hint,5,10240,2.5224685668945312
Hint,5,10240,2.5458335876464844
Hint,5,10240,2.4917125701904297
Hint,5,10240,2.4988651275634766
Hint,5,10240,2.457857131958008
Hint,5,10240,2.785921096801758
Hint,5,10240,2.6824474334716797
Hint,5,10240,2.586841583251953
Hint,5,10240,4.900693893432617
Hint,5,10240,2.6443004608154297
Hint,5,10240,2.794981002807617
Hint,5,10240,2.8955936431884766
Hint,5,10240,3.1201839447021484
Hint,5,10240,3.083944320678711
Hint,5,10240,3.1151771545410156
Hint,5,10240,2.7816295623779297
Hint,5,10240,2.744436264038086
Hint,5,10240,2.776622772216797
Hint,5,10240,2.5091171264648438
Hint,5,10240,2.4688243865966797
Hint,5,10240,2.478361129760742
Hint,5,10240,2.4611949920654297
Hint,5,10240,4.629850387573242
Hint,5,10240,2.827882766723633
Hint,5,10240,3.138303756713867
Hint,5,10240,2.9916763305664062
Hint,5,10240,3.1845569610595703
Hint,5,10240,2.830982208251953
Hint,5,10240,2.7341842651367188
Hint,5,10240,2.6543140411376953
Hint,5,10240,2.6886463165283203
Hint,5,10240,2.5103092193603516
Hint,5,10240,2.3746490478515625
Hint,5,10240,2.5544166564941406
Hint,5,10240,2.3660659790039062
Hint,5,10240,2.447366714477539
Hint,5,10240,2.412080764770508
Hint,5,10240,2.4547576904296875
Hint,5,10240,2.6273727416992188
Hint,5,10240,2.510547637939453
Hint,5,10240,2.414226531982422
Hint,5,10240,2.7649402618408203
Hint,5,10240,2.8667449951171875
Hint,5,10240,2.4385452270507812
Hint,5,10240,4.957914352416992
Hint,5,10240,3.2150745391845703
Hint,5,10240,3.1752586364746094
Hint,5,10240,2.9015541076660156
Hint,5,10240,2.866506576538086
Hint,5,10240,2.7952194213867188
Hint,5,10240,2.7441978454589844
Hint,5,10240,2.660989761352539
Hint,5,10240,2.7616024017333984
Hint,5,10240,2.6426315307617188
Hint,5,10240,2.7811527252197266
Hint,5,10240,2.805471420288086
Hint,5,10240,2.8069019317626953
Hint,5,10240,2.6590824127197266
Hint,5,10240,4.868507385253906
Hint,5,10240,2.4139881134033203
Hint,5,10240,3.1762123107910156
Hint,5,10240,3.332376480102539
Hint,5,10240,3.2501220703125
Hint,5,10240,2.859830856323242
Hint,5,10240,2.6464462280273438
Hint,5,10240,2.7861595153808594
Hint,5,10240,2.6483535766601562
Hint,5,10240,2.7468204498291016
Hint,5,10240,2.6187896728515625
Hint,5,10240,2.3360252380371094
Hint,5,10240,2.420186996459961
Hint,5,10240,2.4034976959228516
Hint,5,10240,2.447366714477539
Hint,5,10240,2.4461746215820312
Hint,5,10240,2.535104751586914
Hint,5,10240,2.5835037231445312
Hint,5,10240,2.5053024291992188
Hint,5,10240,2.790212631225586
Hint,5,10240,2.340078353881836
Hint,5,10240,2.421140670776367
Hint,5,10240,5.327701568603516
Hint,5,10240,2.9714107513427734
Hint,5,10240,3.2396316528320312
Hint,5,10240,3.129243850708008
Hint,5,10240,2.676248550415039
Hint,5,10240,2.791881561279297
Hint,5,10240,2.8371810913085938
Hint,5,10240,2.6636123657226562
Hint,5,10240,2.7861595153808594
Hint,5,10240,2.7115345001220703
Hint,5,10240,2.730131149291992
Hint,5,10240,2.660036087036133
Hint,5,10240,2.4454593658447266
Hint,5,10240,4.837274551391602
Hint,5,10240,2.757549285888672
Hint,5,10240,2.595663070678711
Hint,5,10240,2.4383068084716797
Hint,5,10240,2.935647964477539
Hint,5,10240,3.0939579010009766
Hint,5,10240,3.0193328857421875
Hint,5,10240,2.669095993041992
Hint,5,10240,2.7227401733398438
Hint,5,10240,2.427339553833008
Hint,5,10240,2.456188201904297
Hint,5,10240,2.504110336303711
Hint,5,10240,2.7403831481933594
Hint,5,10240,2.6466846466064453
Hint,5,10240,2.554178237915039
Hint,5,10240,2.251863479614258
Hint,5,10240,2.4983882904052734
Hint,5,10240,2.4611949920654297
Hint,5,10240,2.424955368041992
Hint,5,10240,2.4042129516601562
Hint,5,10240,2.9058456420898438
Hint,5,10240,2.6979446411132812
Hint,5,10240,2.602100372314453
Hint,5,10240,5.114078521728516
Hint,5,10240,3.0164718627929688
Hint,5,10240,3.2906532287597656
Hint,5,10240,3.115415573120117
Hint,5,10240,3.180980682373047
Hint,5,10240,2.8336048126220703
Hint,5,10240,2.6793479919433594
Hint,5,10240,2.671957015991211
Hint,5,10240,2.8531551361083984
Hint,5,10240,3.0775070190429688
Hint,5,10240,2.6149749755859375
Hint,5,10240,2.6001930236816406
Hint,5,10240,2.5255680084228516
Hint,5,10240,4.660129547119141
Hint,5,10240,2.4204254150390625
Hint,5,10240,2.658843994140625
Hint,5,10240,3.2863616943359375
Hint,5,10240,3.1287670135498047
Hint,5,10240,3.0295848846435547
Hint,5,10240,2.973794937133789
Hint,5,10240,2.780914306640625
Hint,5,10240,2.5217533111572266
Hint,5,10240,2.5491714477539062
Hint,5,10240,2.863168716430664
Hint,5,10240,2.504587173461914
Hint,5,10240,2.6640892028808594
Hint,5,10240,2.4194717407226562
Hint,5,10240,2.553224563598633
Hint,5,10240,2.5568008422851562
Hint,5,10240,2.451658248901367
Hint,5,10240,2.5069713592529297
Hint,5,10240,2.4423599243164062
Hint,5,10240,2.839326858520508
Hint,5,10240,2.6645660400390625
Hint,5,10240,2.299070358276367
Hint,5,10240,5.072593688964844
Hint,5,10240,2.986907958984375
Hint,5,10240,3.3462047576904297
Hint,5,10240,3.0603408813476562
Hint,5,10240,3.1316280364990234
Hint,5,10240,2.5539398193359375
Hint,5,10240,2.727031707763672
Hint,5,10240,2.4404525756835938
Hint,5,10240,2.8247833251953125
Hint,5,10240,2.590656280517578
Hint,5,10240,2.6755332946777344
Hint,5,10240,2.7625560760498047
Hint,5,10240,2.687215805053711
Hint,5,10240,5.25212287902832
Hint,5,10240,2.8519630432128906
Hint,5,10240,2.9146671295166016
Hint,5,10240,2.9642581939697266
Hint,5,10240,3.297090530395508
Hint,5,10240,3.345012664794922
Hint,5,10240,3.1359195709228516
Hint,5,10240,2.8502941131591797
Hint,5,10240,2.5908946990966797
Hint,5,10240,2.7344226837158203
Hint,5,10240,2.6078224182128906
Hint,5,10240,2.7594566345214844
Hint,5,10240,2.4487972259521484
Hint,5,10240,2.4690628051757812
Hint,5,10240,2.464771270751953
Hint,5,10240,2.4797916412353516
Hint,5,10240,2.494335174560547
Hint,5,10240,2.3956298828125
Hint,5,10240,2.5305747985839844
Hint,5,10240,2.4881362915039062
Hint,5,10240,2.5408267974853516
Hint,5,10240,2.4340152740478516
Hint,5,10240,4.874229431152344
Hint,5,10240,2.8595924377441406
Hint,5,10240,3.3104419708251953
Hint,5,10240,3.3447742462158203
Hint,5,10240,2.8085708618164062
Hint,5,10240,2.847909927368164
Hint,5,10240,2.719402313232422
Hint,5,10240,2.703428268432617
Hint,5,10240,2.7463436126708984
Hint,5,10240,2.588987350463867
Hint,5,10240,2.5229454040527344
Hint,5,10240,2.5789737701416016
Hint,5,10240,2.753019332885742
Hint,5,10240,2.216815948486328
Hint,5,10240,4.314184188842773
Hint,5,10240,2.4864673614501953
Hint,5,10240,2.785921096801758
Hint,5,10240,3.2422542572021484
Hint,5,10240,3.1418800354003906
Hint,5,10240,3.1309127807617188
Hint,5,10240,2.7151107788085938
Hint,5,10240,2.6121139526367188
Hint,5,10240,2.7811527252197266
Hint,5,10240,2.718687057495117
Hint,5,10240,2.805948257446289
Hint,5,10240,2.8009414672851562
Hint,5,10240,2.7320384979248047
Hint,5,10240,2.7854442596435547
Hint,5,10240,2.6960372924804688
Hint,5,10240,2.7828216552734375
Hint,5,10240,2.7484893798828125
Hint,5,10240,2.6557445526123047
Hint,5,10240,2.660512924194336
Hint,5,10240,2.7916431427001953
Hint,5,10240,2.420186996459961
Hint,5,10240,2.428293228149414
Hint,5,10240,5.123376846313477
Hint,5,10240,3.2885074615478516
Hint,5,10240,3.070831298828125
Hint,5,10240,3.2618045806884766
Hint,5,10240,2.74658203125
Hint,5,10240,2.6237964630126953
Hint,5,10240,2.402067184448242
Hint,5,10240,2.749204635620117
Hint,5,10240,2.7685165405273438
Hint,5,10240,2.672433853149414
Hint,5,10240,2.3956298828125
Hint,5,10240,2.4878978729248047
Hint,5,10240,2.518892288208008
Hint,5,10240,4.631519317626953
Hint,5,10240,3.1876564025878906
Hint,5,10240,2.8409957885742188
Hint,5,10240,3.2122135162353516
Hint,5,10240,3.1287670135498047
Hint,5,10240,2.763509750366211
Hint,5,10240,2.60162353515625
Hint,5,10240,2.828836441040039
Hint,5,10240,2.5179386138916016
Hint,5,10240,2.389192581176758
Hint,5,10240,2.430438995361328
Hint,5,10240,2.4175643920898438
Hint,5,10240,2.4297237396240234
Hint,5,10240,2.3965835571289062
Hint,5,10240,2.5207996368408203
Hint,5,10240,2.504587173461914
Hint,5,10240,2.5250911712646484
Hint,5,10240,2.4454593658447266
Hint,5,10240,2.519845962524414
Hint,5,10240,2.4955272674560547
Hint,5,10240,2.7549266815185547
Hint,5,10240,2.6717185974121094
Hint,5,10240,2.646207809448242
Hint,5,10240,4.925251007080078
Hint,5,10240,2.8960704803466797
Hint,5,10240,3.305196762084961
Hint,5,10240,2.7244091033935547
Hint,5,10240,3.0014514923095703
Hint,5,10240,2.899646759033203
Hint,5,10240,2.651691436767578
Hint,5,10240,2.702474594116211
Hint,5,10240,2.524137496948242
Hint,5,10240,2.489328384399414
Hint,5,10240,2.4652481079101562
Hint,5,10240,2.490520477294922
Hint,5,10240,2.374410629272461
Hint,5,10240,2.5148391723632812
Hint,5,10240,4.8065185546875
Hint,5,10240,2.494335174560547
Hint,5,10240,2.4437904357910156
Hint,5,10240,2.6259422302246094
Hint,5,10240,3.2181739807128906
Hint,5,10240,3.1828880310058594
Hint,5,10240,3.349781036376953
Hint,5,10240,2.974987030029297
Hint,5,10240,2.6772022247314453
Hint,5,10240,2.7008056640625
Hint,5,10240,3.029346466064453
Hint,5,10240,2.76947021484375
Hint,5,10240,2.7654170989990234
Hint,5,10240,2.6421546936035156
Hint,5,10240,2.356290817260742
Hint,5,10240,2.7921199798583984
Hint,5,10240,2.771139144897461
Hint,5,10240,2.7494430541992188
Hint,5,10240,2.683877944946289
Hint,5,10240,2.736806869506836
Hint,5,10240,2.8188228607177734
Hint,5,10240,5.242109298706055
Hint,5,10240,2.7647018432617188
Hint,5,10240,3.1502246856689453
Hint,5,10240,2.9764175415039062
Hint,5,10240,3.1163692474365234
Hint,5,10240,2.9642581939697266
Hint,5,10240,2.7446746826171875
Hint,5,10240,2.7267932891845703
Hint,5,10240,2.440929412841797
Hint,5,10240,2.4852752685546875
Hint,5,10240,2.4933815002441406
Hint,5,10240,2.4101734161376953
Hint,5,10240,2.4995803833007812
Hint,5,10240,2.5246143341064453
Hint,5,10240,4.525661468505859
Hint,5,10240,2.594470977783203
Hint,5,10240,3.140687942504883
Hint,5,10240,3.040313720703125
Hint,5,10240,3.133535385131836
Hint,5,10240,2.603769302368164
Hint,5,10240,2.575397491455078
Hint,5,10240,2.460002899169922
Hint,5,10240,2.4924278259277344
Hint,5,10240,2.6280879974365234
Hint,5,10240,2.441883087158203
Hint,5,10240,2.5577545166015625
Hint,5,10240,2.4836063385009766
Hint,5,10240,2.459287643432617
Hint,5,10240,2.4683475494384766
Hint,5,10240,2.4399757385253906
Hint,5,10240,2.4416446685791016
Hint,5,10240,2.513408660888672
Hint,5,10240,2.426624298095703
Hint,5,10240,2.343893051147461
Hint,5,10240,2.405405044555664
Hint,5,10240,2.3889541625976562
Hint,5,10240,2.3953914642333984
Hint,5,10240,4.586696624755859
Hint,5,10240,2.4073123931884766
Hint,5,10240,2.529621124267578
Hint,5,10240,3.056049346923828
Hint,5,10240,2.9582977294921875
Hint,5,10240,3.165721893310547
Hint,5,10240,2.7942657470703125
Hint,5,10240,2.5370121002197266
Hint,5,10240,2.476930618286133
Hint,5,10240,2.496004104614258
Hint,5,10240,2.5131702423095703
Hint,5,10240,2.417325973510742
Hint,5,10240,2.481222152709961
Hint,5,10240,2.451181411743164
Hint,5,10240,4.727840423583984
Hint,5,10240,2.6979446411132812
Hint,5,10240,3.006458282470703
Hint,5,10240,3.316640853881836
Hint,5,10240,3.197193145751953
Hint,5,10240,2.521038055419922
Hint,5,10240,2.541065216064453
Hint,5,10240,2.493619918823242
Hint,5,10240,2.722501754760742
Hint,5,10240,2.5925636291503906
Hint,5,10240,2.5734901428222656
Hint,5,10240,2.4499893188476562
Hint,5,10240,2.5129318237304688
Hint,5,10240,2.493143081665039
Hint,5,10240,2.5141239166259766
Hint,5,10240,2.494335174560547
Hint,5,10240,2.6159286499023438
Hint,5,10240,2.428293228149414
Hint,5,10240,2.461671829223633
Hint,5,10240,2.4175643920898438
Hint,5,10240,2.3462772369384766
Hint,5,10240,2.418994903564453
Hint,5,10240,2.5064945220947266
Hint,5,10240,4.841089248657227
Hint,5,10240,2.5103092193603516
Hint,5,10240,2.9687881469726562
Hint,5,10240,3.118276596069336
Hint,5,10240,3.0126571655273438
Hint,5,10240,2.878904342651367
Hint,5,10240,2.6674270629882812
Hint,5,10240,2.5911331176757812
Hint,5,10240,2.681255340576172
Hint,5,10240,2.4449825286865234
Hint,5,10240,2.9070377349853516
Hint,5,10240,2.493143081665039
Hint,5,10240,2.724170684814453
Hint,5,10240,4.707098007202148
Hint,5,10240,2.9282569885253906
Hint,5,10240,2.7341842651367188
Hint,5,10240,2.8510093688964844
Hint,5,10240,3.3626556396484375
Hint,5,10240,3.148794174194336
Hint,5,10240,3.1156539916992188
Hint,5,10240,2.661466598510742
Hint,5,10240,2.700328826904297
Hint,5,10240,2.6540756225585938
Hint,5,10240,2.567291259765625
Hint,5,10240,2.7222633361816406
Hint,5,10240,2.2890567779541016
Hint,5,10240,2.476930618286133
Hint,5,10240,2.443552017211914
Hint,5,10240,2.470731735229492
Hint,5,10240,2.4912357330322266
Hint,5,10240,2.508401870727539
Hint,5,10240,2.3910999298095703
Hint,5,10240,2.397775650024414
Hint,5,10240,2.521038055419922
Hint,5,10240,2.428293228149414
Hint,5,10240,2.4483203887939453
Hint,5,10240,4.8732757568359375
Hint,5,10240,2.395153045654297
Hint,5,10240,2.5086402893066406
Hint,5,10240,2.7599334716796875
Hint,5,10240,2.6781558990478516
Hint,5,10240,2.9380321502685547
Hint,5,10240,2.9587745666503906
Hint,5,10240,2.7761459350585938
Hint,5,10240,2.7871131896972656
Hint,5,10240,2.5031566619873047
Hint,5,10240,2.4259090423583984
Hint,5,10240,2.3851394653320312
Hint,5,10240,2.498626708984375
Hint,5,10240,2.3784637451171875
Hint,5,10240,4.912137985229492
Hint,5,10240,2.4566650390625
Hint,5,10240,2.470731735229492
Hint,5,10240,2.4433135986328125
Hint,5,10240,2.8078556060791016
Hint,5,10240,3.2405853271484375
Hint,5,10240,3.1964778900146484
Hint,5,10240,2.795696258544922
Hint,5,10240,2.54058837890625
Hint,5,10240,2.421855926513672
Hint,5,10240,2.454996109008789
Hint,5,10240,2.5489330291748047
Hint,5,10240,2.4785995483398438
Hint,5,10240,2.3386478424072266
Hint,5,10240,2.3996829986572266
Hint,5,10240,2.445220947265625
Hint,5,10240,2.3865699768066406
Hint,5,10240,2.5658607482910156
Hint,5,10240,2.5327205657958984
Hint,5,10240,2.438783645629883
Hint,5,10240,2.6688575744628906
Hint,5,10240,2.8433799743652344
Hint,5,10240,2.666950225830078
Hint,5,10240,4.835844039916992
Hint,5,10240,2.9299259185791016
Hint,5,10240,3.1299591064453125
Hint,5,10240,3.2083988189697266
Hint,5,10240,3.0553340911865234
Hint,5,10240,2.668619155883789
Hint,5,10240,2.7396678924560547
Hint,5,10240,2.900838851928711
Hint,5,10240,2.683401107788086
Hint,5,10240,2.7437210083007812
Hint,5,10240,2.4068355560302734
Hint,5,10240,2.4330615997314453
Hint,5,10240,2.6328563690185547
Hint,5,10240,4.557132720947266
Hint,5,10240,2.477407455444336
Hint,5,10240,2.4933815002441406
Hint,5,10240,2.9191970825195312
Hint,5,10240,3.2804012298583984
Hint,5,10240,3.366708755493164
Hint,5,10240,3.130674362182617
Hint,5,10240,2.672910690307617
Hint,5,10240,2.8600692749023438
Hint,5,10240,2.6929378509521484
Hint,5,10240,2.351045608520508
Hint,5,10240,2.511262893676758
Hint,5,10240,2.5348663330078125
Hint,5,10240,2.510547637939453
Hint,5,10240,2.3860931396484375
Hint,5,10240,2.4023056030273438
Hint,5,10240,2.4132728576660156
Hint,5,10240,2.506256103515625
Hint,5,10240,2.392292022705078
Hint,5,10240,2.424955368041992
Hint,5,10240,2.3965835571289062
Hint,5,10240,2.4361610412597656
Hint,5,10240,2.4127960205078125
Hint,5,10240,2.407073974609375
Hint,5,10240,4.918575286865234
Hint,5,10240,2.727985382080078
Hint,5,10240,2.850055694580078
Hint,5,10240,2.828836441040039
Hint,5,10240,2.836942672729492
Hint,5,10240,2.724885940551758
Hint,5,10240,2.4635791778564453
Hint,5,10240,2.4967193603515625
Hint,5,10240,2.490520477294922
Hint,5,10240,2.4929046630859375
Hint,5,10240,2.464771270751953
Hint,5,10240,2.5587081909179688
Hint,5,10240,2.508401870727539
Hint,5,10240,4.889488220214844
Hint,5,10240,2.4271011352539062
Hint,5,10240,2.504587173461914
Hint,5,10240,2.5746822357177734
Hint,5,10240,2.8481483459472656
Hint,5,10240,2.962350845336914
Hint,5,10240,2.681255340576172
Hint,5,10240,2.927541732788086
Hint,5,10240,2.518892288208008
Hint,5,10240,2.5374889373779297
Hint,5,10240,2.724170684814453
Hint,5,10240,2.712249755859375
Hint,5,10240,2.481222152709961
Hint,5,10240,2.498149871826172
Hint,5,10240,2.83050537109375
Hint,5,10240,2.359151840209961
Hint,5,10240,2.3767948150634766
Hint,5,10240,2.4814605712890625
Hint,5,10240,2.509593963623047
Hint,5,10240,2.3729801177978516
Hint,5,10240,2.4285316467285156
Hint,5,10240,2.4187564849853516
Hint,5,10240,2.3860931396484375
Hint,5,10240,2.4738311767578125
Hint,5,10240,4.839181900024414
Hint,5,10240,2.3589134216308594
Hint,5,10240,2.618551254272461
Hint,5,10240,2.584695816040039
Hint,5,10240,2.958536148071289
Hint,5,10240,2.753019332885742
Hint,5,10240,2.6602745056152344
Hint,5,10240,2.562999725341797
Hint,5,10240,2.17437744140625
Hint,5,10240,2.5768280029296875
Hint,5,10240,2.3970603942871094
Hint,5,10240,2.4328231811523438
Hint,5,10240,2.4564266204833984
Hint,5,10240,2.442598342895508
Hint,5,10240,5.789518356323242
Hint,5,10240,4.647493362426758
Hint,5,10240,4.72712516784668
Hint,5,10240,4.00996208190918
Hint,5,10240,2.6111602783203125
Hint,5,10240,2.4106502532958984
Hint,5,10240,2.5055408477783203
Hint,5,10240,2.554178237915039
Hint,5,10240,2.686738967895508
Hint,5,10240,2.3577213287353516
Hint,5,10240,2.4814605712890625
Hint,5,10240,2.598285675048828
Hint,5,10240,2.580404281616211
Hint,5,10240,2.591848373413086
Hint,5,10240,2.6366710662841797
Hint,5,10240,2.6628971099853516
Hint,5,10240,2.5599002838134766
Hint,5,10240,2.6543140411376953
Hint,5,10240,2.5599002838134766
Hint,5,10240,2.500772476196289
Hint,5,10240,2.5179386138916016
Hint,5,10240,2.501249313354492
Hint,5,10240,4.847526550292969
Hint,5,10240,2.5789737701416016
Hint,5,10240,2.508878707885742
Hint,5,10240,2.947092056274414
Hint,5,10240,3.136157989501953
Hint,5,10240,2.9053688049316406
Hint,5,10240,2.917766571044922
Hint,5,10240,2.9251575469970703
Hint,5,10240,2.7327537536621094
Hint,5,10240,2.4733543395996094
Hint,5,10240,2.614259719848633
Hint,5,10240,2.8133392333984375
Hint,5,10240,2.4480819702148438
Hint,5,10240,5.129337310791016
Hint,5,10240,2.9914379119873047
Hint,5,10240,3.222942352294922
Hint,5,10240,3.3550262451171875
Hint,5,10240,2.649545669555664
Hint,5,10240,2.4275779724121094
Hint,5,10240,2.473115921020508
Hint,5,10240,2.487659454345703
Hint,5,10240,2.610921859741211
Hint,5,10240,2.405405044555664
Hint,5,10240,2.468109130859375
Hint,5,10240,2.4261474609375
Hint,5,10240,2.4929046630859375
Hint,5,10240,2.4466514587402344
Hint,5,10240,2.570629119873047
Hint,5,10240,2.499818801879883
Hint,5,10240,2.485513687133789
Hint,5,10240,2.5267601013183594
Hint,5,10240,2.448558807373047
Hint,5,10240,2.5773048400878906
Hint,5,10240,2.813100814819336
Hint,5,10240,2.705097198486328
Hint,5,10240,2.4237632751464844
Hint,5,10240,4.832029342651367
Hint,5,10240,2.5959014892578125
Hint,5,10240,3.016948699951172
Hint,5,10240,2.9501914978027344
Hint,5,10240,3.0672550201416016
Hint,5,10240,2.9833316802978516
Hint,5,10240,2.3717880249023438
Hint,5,10240,2.79998779296875
Hint,5,10240,2.595186233520508
Hint,5,10240,2.5014877319335938
Hint,5,10240,2.4857521057128906
Hint,5,10240,2.600431442260742
Hint,5,10240,2.4404525756835938
Hint,5,10240,4.384040832519531
Hint,5,10240,2.81524658203125
Hint,5,10240,2.811908721923828
Hint,5,10240,2.8676986694335938
Hint,5,10240,2.754688262939453
Hint,5,10240,2.4406909942626953
Hint,5,10240,2.599954605102539
Hint,5,10240,2.450704574584961
Hint,5,10240,2.4919509887695312
Hint,5,10240,2.4869441986083984
Hint,5,10240,2.490997314453125
Hint,5,10240,2.6407241821289062
Hint,5,10240,2.630472183227539
Hint,5,10240,2.2890567779541016
Hint,5,10240,2.6378631591796875
Hint,5,10240,2.878427505493164
Hint,5,10240,2.8219223022460938
Hint,5,10240,2.727031707763672
Hint,5,10240,2.7256011962890625
Hint,5,10240,2.429485321044922
Hint,5,10240,2.5353431701660156
Hint,5,10240,2.866029739379883
Hint,5,10240,2.7763843536376953
Hint,5,10240,2.2873878479003906
Hint,5,10240,4.899024963378906
Hint,5,10240,2.5806427001953125
Hint,5,10240,2.545595169067383
Hint,5,10240,2.7959346771240234
Hint,5,10240,2.6950836181640625
Hint,5,10240,2.7267932891845703
Hint,5,10240,2.8939247131347656
Hint,5,10240,2.839326858520508
Hint,5,10240,2.9096603393554688
Hint,5,10240,2.707242965698242
Hint,5,10240,2.6023387908935547
Hint,5,10240,2.400636672973633
Hint,5,10240,2.575397491455078
Hint,5,10240,5.226373672485352
Hint,5,10240,3.3004283905029297
Hint,5,10240,3.2525062561035156
Hint,5,10240,3.2215118408203125
Hint,5,10240,2.774953842163086
Hint,5,10240,2.750396728515625
Hint,5,10240,2.5506019592285156
Hint,5,10240,2.873659133911133
Hint,5,10240,2.554178237915039
Hint,5,10240,2.715587615966797
Hint,5,10240,2.615213394165039
Hint,5,10240,2.676248550415039
Hint,5,10240,2.5653839111328125
Hint,5,10240,2.571582794189453
Hint,5,10240,2.5289058685302734
Hint,5,10240,2.5107860565185547
Hint,5,10240,2.5320053100585938
Hint,5,10240,2.435445785522461
Hint,5,10240,2.505064010620117
Hint,5,10240,2.4645328521728516
Hint,5,10240,2.8960704803466797
Hint,5,10240,2.614736557006836
Hint,5,10240,4.76837158203125
Hint,5,10240,2.6388168334960938
Hint,5,10240,2.482891082763672
Hint,5,10240,3.152608871459961
Hint,5,10240,3.2660961151123047
Hint,5,10240,3.1423568725585938
Hint,5,10240,2.9976367950439453
Hint,5,10240,3.0748844146728516
Hint,5,10240,2.795696258544922
Hint,5,10240,2.584695816040039
Hint,5,10240,2.784252166748047
Hint,5,10240,2.6941299438476562
Hint,5,10240,2.335071563720703
Hint,5,10240,4.520416259765625
Hint,5,10240,2.528667449951172
Hint,5,10240,2.5794506072998047
Hint,5,10240,2.931833267211914
Hint,5,10240,2.6710033416748047
Hint,5,10240,2.670764923095703
Hint,5,10240,2.886533737182617
Hint,5,10240,2.6738643646240234
Hint,5,10240,3.0035972595214844
Hint,5,10240,2.7234554290771484
Hint,5,10240,2.466917037963867
Hint,5,10240,2.5162696838378906
Hint,5,10240,2.4793148040771484
Hint,5,10240,2.4423599243164062
Hint,5,10240,2.5141239166259766
Hint,5,10240,2.496004104614258
Hint,5,10240,2.5115013122558594
Hint,5,10240,2.4518966674804688
Hint,5,10240,2.4712085723876953
Hint,5,10240,2.5675296783447266
Hint,5,10240,2.4487972259521484
Hint,5,10240,2.7120113372802734
Hint,5,10240,2.506256103515625
Hint,5,10240,2.459287643432617
Hint,5,10240,4.950284957885742
Hint,5,10240,2.8553009033203125
Hint,5,10240,3.157377243041992
Hint,5,10240,3.3032894134521484
Hint,5,10240,3.1685829162597656
Hint,5,10240,3.0236244201660156
Hint,5,10240,2.8700828552246094
Hint,5,10240,2.9058456420898438
Hint,5,10240,2.7968883514404297
Hint,5,10240,2.747058868408203
Hint,5,10240,2.803802490234375
Hint,5,10240,2.6693344116210938
Hint,5,10240,5.189180374145508
Hint,5,10240,2.762317657470703
Hint,5,10240,3.003835678100586
Hint,5,10240,3.007173538208008
Hint,5,10240,2.9909610748291016
Hint,5,10240,3.185272216796875
Hint,5,10240,3.0019283294677734
Hint,5,10240,2.4356842041015625
Hint,5,10240,2.6013851165771484
Hint,5,10240,2.480030059814453
Hint,5,10240,2.4509429931640625
Hint,5,10240,2.5277137756347656
Hint,5,10240,2.504587173461914
Hint,5,10240,2.607583999633789
Hint,5,10240,2.551555633544922
Hint,5,10240,2.576589584350586
Hint,5,10240,2.5522708892822266
Hint,5,10240,2.6421546936035156
Hint,5,10240,2.624988555908203
Hint,5,10240,2.6559829711914062
Hint,5,10240,2.872467041015625
Hint,5,10240,2.794027328491211
Hint,5,10240,2.5429725646972656
Hint,5,10240,4.889965057373047
Hint,5,10240,2.4733543395996094
Hint,5,10240,2.6175975799560547
Hint,5,10240,2.927064895629883
Hint,5,10240,3.0798912048339844
Hint,5,10240,3.342866897583008
Hint,5,10240,2.487659454345703
Hint,5,10240,2.888917922973633
Hint,5,10240,2.6521682739257812
Hint,5,10240,2.7124881744384766
Hint,5,10240,2.7098655700683594
Hint,5,10240,2.8772354125976562
Hint,5,10240,4.394769668579102
Hint,5,10240,2.714395523071289
Hint,5,10240,3.325939178466797
Hint,5,10240,2.889871597290039
Hint,5,10240,3.061056137084961
Hint,5,10240,2.5980472564697266
Hint,5,10240,2.469301223754883
Hint,5,10240,2.5489330291748047
Hint,5,10240,2.4237632751464844
Hint,5,10240,2.454042434692383
Hint,5,10240,2.475738525390625
Hint,5,10240,2.4900436401367188
Hint,5,10240,2.5665760040283203
Hint,5,10240,2.4178028106689453
Hint,5,10240,2.492189407348633
Hint,5,10240,2.435922622680664
Hint,5,10240,2.5081634521484375
Hint,5,10240,2.5053024291992188
Hint,5,10240,2.5339126586914062
Hint,5,10240,2.5446414947509766
Hint,5,10240,2.5980472564697266
Hint,5,10240,2.8192996978759766
Hint,5,10240,2.7730464935302734
Hint,5,10240,2.378702163696289
Hint,5,10240,4.998445510864258
Hint,5,10240,2.4843215942382812
Hint,5,10240,2.8285980224609375
Hint,5,10240,3.0364990234375
Hint,5,10240,3.332376480102539
Hint,5,10240,3.2749176025390625
Hint,5,10240,2.7954578399658203
Hint,5,10240,2.557992935180664
Hint,5,10240,2.5315284729003906
Hint,5,10240,2.6540756225585938
Hint,5,10240,2.637147903442383
Hint,5,10240,2.474546432495117
Hint,5,10240,4.976987838745117
Hint,5,10240,2.8645992279052734
Hint,5,10240,3.4017562866210938
Hint,5,10240,3.287792205810547
Hint,5,10240,3.0684471130371094
Hint,5,10240,2.642393112182617
Hint,5,10240,2.6459693908691406
Hint,5,10240,2.613544464111328
Hint,5,10240,2.655506134033203
Hint,5,10240,2.6044845581054688
Hint,5,10240,2.47955322265625
Hint,5,10240,2.487659454345703
Hint,5,10240,2.516508102416992
Hint,5,10240,2.4836063385009766
Hint,5,10240,2.485036849975586
Hint,5,10240,2.498626708984375
Hint,5,10240,2.4039745330810547
Hint,5,10240,2.4330615997314453
Hint,5,10240,2.5305747985839844
Hint,5,10240,2.508878707885742
Hint,5,10240,2.597332000732422
Hint,5,10240,2.9397010803222656
Hint,5,10240,2.861499786376953
Hint,5,10240,2.7909278869628906
Hint,5,10240,4.960536956787109
Hint,5,10240,2.8295516967773438
Hint,5,10240,2.727031707763672
Hint,5,10240,2.766847610473633
Hint,5,10240,3.064393997192383
Hint,5,10240,2.695798873901367
Hint,5,10240,2.916574478149414
Hint,5,10240,2.6009082794189453
Hint,5,10240,2.8243064880371094
Hint,5,10240,2.4983882904052734
Hint,5,10240,2.7925968170166016
Hint,5,10240,2.7244091033935547
Hint,5,10240,5.159139633178711
Hint,5,10240,2.804994583129883
Hint,5,10240,2.54058837890625
Hint,5,10240,2.839326858520508
Hint,5,10240,3.058910369873047
Hint,5,10240,3.215789794921875
Hint,5,10240,3.1371116638183594
Hint,5,10240,2.578258514404297
Hint,5,10240,2.498626708984375
Hint,5,10240,2.604246139526367
Hint,5,10240,2.477407455444336
Hint,5,10240,2.515077590942383
Hint,5,10240,2.5124549865722656
Hint,5,10240,2.463817596435547
Hint,5,10240,2.5482177734375
Hint,5,10240,2.5064945220947266
Hint,5,10240,2.489805221557617
Hint,5,10240,1.4290809631347656
HandOver,56,10240,13.427495956420898
